<?xml version="1.0" encoding="utf-8"?>
<feed xmlns="http://www.w3.org/2005/Atom">
  <title>Coding Park</title>
  
  <subtitle>Welcome to my blog</subtitle>
  <link href="/atom.xml" rel="self"/>
  
  <link href="http://yoursite.com/"/>
  <updated>2019-09-26T13:49:06.795Z</updated>
  <id>http://yoursite.com/</id>
  
  <author>
    <name>Atss</name>
    
  </author>
  
  <generator uri="http://hexo.io/">Hexo</generator>
  
  <entry>
    <title>188. Best Time to Buy and Sell Stock IV</title>
    <link href="http://yoursite.com/2019/09/26/188-Best-Time-to-Buy-and-Sell-Stock-IV/"/>
    <id>http://yoursite.com/2019/09/26/188-Best-Time-to-Buy-and-Sell-Stock-IV/</id>
    <published>2019-09-26T13:42:53.000Z</published>
    <updated>2019-09-26T13:49:06.795Z</updated>
    
    <summary type="html">
    
      
      
        
        
          &lt;h2 id=&quot;Description&quot;&gt;&lt;a href=&quot;#Description&quot; class=&quot;headerlink&quot; title=&quot;Description:&quot;&gt;&lt;/a&gt;Description:&lt;/h2&gt;&lt;p&gt;Say you have an array for which
        
      
    
    </summary>
    
      <category term="LeetCode" scheme="http://yoursite.com/categories/LeetCode/"/>
    
    
      <category term="DP" scheme="http://yoursite.com/tags/DP/"/>
    
  </entry>
  
  <entry>
    <title>199. Binary Tree Right Side View</title>
    <link href="http://yoursite.com/2019/09/26/199-Binary-Tree-Right-Side-View/"/>
    <id>http://yoursite.com/2019/09/26/199-Binary-Tree-Right-Side-View/</id>
    <published>2019-09-26T13:41:04.000Z</published>
    <updated>2019-09-26T13:42:13.737Z</updated>
    
    <summary type="html">
    
      
      
        
        
          &lt;h2 id=&quot;Description&quot;&gt;&lt;a href=&quot;#Description&quot; class=&quot;headerlink&quot; title=&quot;Description:&quot;&gt;&lt;/a&gt;Description:&lt;/h2&gt;&lt;p&gt;Given a binary tree, imagine
        
      
    
    </summary>
    
      <category term="LeetCode" scheme="http://yoursite.com/categories/LeetCode/"/>
    
    
      <category term="BFS" scheme="http://yoursite.com/tags/BFS/"/>
    
  </entry>
  
  <entry>
    <title>187. Repeated DNA Sequences</title>
    <link href="http://yoursite.com/2019/09/26/187-Repeated-DNA-Sequences/"/>
    <id>http://yoursite.com/2019/09/26/187-Repeated-DNA-Sequences/</id>
    <published>2019-09-26T13:37:31.000Z</published>
    <updated>2019-09-26T13:40:11.027Z</updated>
    
    <summary type="html">
    
      
      
        
        
          &lt;h2 id=&quot;Description&quot;&gt;&lt;a href=&quot;#Description&quot; class=&quot;headerlink&quot; title=&quot;Description:&quot;&gt;&lt;/a&gt;Description:&lt;/h2&gt;&lt;p&gt;All DNA is composed of a series
        
      
    
    </summary>
    
      <category term="LeetCode" scheme="http://yoursite.com/categories/LeetCode/"/>
    
    
      <category term="Bit Operation" scheme="http://yoursite.com/tags/Bit-Operation/"/>
    
  </entry>
  
  <entry>
    <title>174. Dungeon Game</title>
    <link href="http://yoursite.com/2019/09/25/174-Dungeon-Game/"/>
    <id>http://yoursite.com/2019/09/25/174-Dungeon-Game/</id>
    <published>2019-09-25T01:15:21.000Z</published>
    <updated>2019-09-25T01:25:25.279Z</updated>
    
    <summary type="html">
    
      
      
        
        
          &lt;h2 id=&quot;Description&quot;&gt;&lt;a href=&quot;#Description&quot; class=&quot;headerlink&quot; title=&quot;Description:&quot;&gt;&lt;/a&gt;Description:&lt;/h2&gt;&lt;p&gt;The demons had captured the
        
      
    
    </summary>
    
      <category term="LeetCode" scheme="http://yoursite.com/categories/LeetCode/"/>
    
    
      <category term="DP" scheme="http://yoursite.com/tags/DP/"/>
    
  </entry>
  
  <entry>
    <title>179. Largest Number</title>
    <link href="http://yoursite.com/2019/09/25/179-Largest-Number/"/>
    <id>http://yoursite.com/2019/09/25/179-Largest-Number/</id>
    <published>2019-09-25T01:05:23.000Z</published>
    <updated>2019-09-25T01:10:43.341Z</updated>
    
    <summary type="html">
    
      
      
        
        
          &lt;h2 id=&quot;Description&quot;&gt;&lt;a href=&quot;#Description&quot; class=&quot;headerlink&quot; title=&quot;Description:&quot;&gt;&lt;/a&gt;Description:&lt;/h2&gt;&lt;p&gt;Given a list of non negative
        
      
    
    </summary>
    
      <category term="LeetCode" scheme="http://yoursite.com/categories/LeetCode/"/>
    
    
      <category term="Simulation" scheme="http://yoursite.com/tags/Simulation/"/>
    
  </entry>
  
  <entry>
    <title>164. Maximum Gap</title>
    <link href="http://yoursite.com/2019/09/22/164-Maximum-Gap/"/>
    <id>http://yoursite.com/2019/09/22/164-Maximum-Gap/</id>
    <published>2019-09-22T03:35:06.000Z</published>
    <updated>2019-09-22T03:36:29.310Z</updated>
    
    <summary type="html">
    
      
      
        
        
          &lt;h2 id=&quot;Description&quot;&gt;&lt;a href=&quot;#Description&quot; class=&quot;headerlink&quot; title=&quot;Description:&quot;&gt;&lt;/a&gt;Description:&lt;/h2&gt;&lt;p&gt;Given an unsorted array, find
        
      
    
    </summary>
    
      <category term="LeetCode" scheme="http://yoursite.com/categories/LeetCode/"/>
    
    
      <category term="Bucket Sort" scheme="http://yoursite.com/tags/Bucket-Sort/"/>
    
  </entry>
  
  <entry>
    <title>173. Binary Search Tree Iterator</title>
    <link href="http://yoursite.com/2019/09/22/173-Binary-Search-Tree-Iterator/"/>
    <id>http://yoursite.com/2019/09/22/173-Binary-Search-Tree-Iterator/</id>
    <published>2019-09-22T03:29:36.000Z</published>
    <updated>2019-09-22T03:32:35.639Z</updated>
    
    <summary type="html">
    
      
      
        
        
          &lt;h2 id=&quot;Description&quot;&gt;&lt;a href=&quot;#Description&quot; class=&quot;headerlink&quot; title=&quot;Description:&quot;&gt;&lt;/a&gt;Description:&lt;/h2&gt;&lt;p&gt;Implement an iterator over a
        
      
    
    </summary>
    
      <category term="LeetCode" scheme="http://yoursite.com/categories/LeetCode/"/>
    
    
      <category term="Binary Tree" scheme="http://yoursite.com/tags/Binary-Tree/"/>
    
  </entry>
  
  <entry>
    <title>166. Fraction to Recurring Decimal</title>
    <link href="http://yoursite.com/2019/09/22/166-Fraction-to-Recurring-Decimal/"/>
    <id>http://yoursite.com/2019/09/22/166-Fraction-to-Recurring-Decimal/</id>
    <published>2019-09-22T03:26:07.000Z</published>
    <updated>2019-09-22T03:29:07.949Z</updated>
    
    <summary type="html">
    
      
      
        
        
          &lt;h2 id=&quot;Description&quot;&gt;&lt;a href=&quot;#Description&quot; class=&quot;headerlink&quot; title=&quot;Description:&quot;&gt;&lt;/a&gt;Description:&lt;/h2&gt;&lt;p&gt;Given two integers representing
        
      
    
    </summary>
    
      <category term="LeetCode" scheme="http://yoursite.com/categories/LeetCode/"/>
    
    
      <category term="Simulation" scheme="http://yoursite.com/tags/Simulation/"/>
    
  </entry>
  
  <entry>
    <title>165. Compare Version Numbers</title>
    <link href="http://yoursite.com/2019/09/22/165-Compare-Version-Numbers/"/>
    <id>http://yoursite.com/2019/09/22/165-Compare-Version-Numbers/</id>
    <published>2019-09-22T03:22:36.000Z</published>
    <updated>2019-09-22T03:26:16.711Z</updated>
    
    <summary type="html">
    
      
      
        
        
          &lt;h2 id=&quot;Description&quot;&gt;&lt;a href=&quot;#Description&quot; class=&quot;headerlink&quot; title=&quot;Description:&quot;&gt;&lt;/a&gt;Description:&lt;/h2&gt;&lt;p&gt;Compare two version numbers
        
      
    
    </summary>
    
      <category term="LeetCode" scheme="http://yoursite.com/categories/LeetCode/"/>
    
    
      <category term="Simulation" scheme="http://yoursite.com/tags/Simulation/"/>
    
  </entry>
  
  <entry>
    <title>154. Find Minimum in Rotated Sorted Array II</title>
    <link href="http://yoursite.com/2019/09/19/154-Find-Minimum-in-Rotated-Sorted-Array-II/"/>
    <id>http://yoursite.com/2019/09/19/154-Find-Minimum-in-Rotated-Sorted-Array-II/</id>
    <published>2019-09-19T03:25:00.000Z</published>
    <updated>2019-09-19T03:27:09.792Z</updated>
    
    <summary type="html">
    
      
      
        
        
          &lt;h2 id=&quot;Description&quot;&gt;&lt;a href=&quot;#Description&quot; class=&quot;headerlink&quot; title=&quot;Description:&quot;&gt;&lt;/a&gt;Description:&lt;/h2&gt;&lt;p&gt;Suppose an array sorted in
        
      
    
    </summary>
    
      <category term="LeetCode" scheme="http://yoursite.com/categories/LeetCode/"/>
    
    
      <category term="Dichotomia" scheme="http://yoursite.com/tags/Dichotomia/"/>
    
  </entry>
  
  <entry>
    <title>153. Find Minimum in Rotated Sorted Array</title>
    <link href="http://yoursite.com/2019/09/19/153-Find-Minimum-in-Rotated-Sorted-Array/"/>
    <id>http://yoursite.com/2019/09/19/153-Find-Minimum-in-Rotated-Sorted-Array/</id>
    <published>2019-09-19T03:22:40.000Z</published>
    <updated>2019-09-19T03:24:31.524Z</updated>
    
    <summary type="html">
    
      
      
        
        
          &lt;h2 id=&quot;Description&quot;&gt;&lt;a href=&quot;#Description&quot; class=&quot;headerlink&quot; title=&quot;Description:&quot;&gt;&lt;/a&gt;Description:&lt;/h2&gt;&lt;p&gt;Suppose an array sorted in
        
      
    
    </summary>
    
      <category term="LeetCode" scheme="http://yoursite.com/categories/LeetCode/"/>
    
    
      <category term="Dichotomy" scheme="http://yoursite.com/tags/Dichotomy/"/>
    
  </entry>
  
  <entry>
    <title>149. Max Points on a Line</title>
    <link href="http://yoursite.com/2019/09/19/149-Max-Points-on-a-Line/"/>
    <id>http://yoursite.com/2019/09/19/149-Max-Points-on-a-Line/</id>
    <published>2019-09-19T02:06:32.000Z</published>
    <updated>2019-09-19T02:13:17.192Z</updated>
    
    <summary type="html">
    
      
      
        
        
          &lt;h2 id=&quot;Description&quot;&gt;&lt;a href=&quot;#Description&quot; class=&quot;headerlink&quot; title=&quot;Description:&quot;&gt;&lt;/a&gt;Description:&lt;/h2&gt;&lt;p&gt;Given &lt;em&gt;n&lt;/em&gt; points on a 2D
        
      
    
    </summary>
    
      <category term="LeetCode" scheme="http://yoursite.com/categories/LeetCode/"/>
    
    
      <category term="Graph Line" scheme="http://yoursite.com/tags/Graph-Line/"/>
    
  </entry>
  
  <entry>
    <title>150. Evaluate Reverse Polish Notation</title>
    <link href="http://yoursite.com/2019/09/19/150-Evaluate-Reverse-Polish-Notation/"/>
    <id>http://yoursite.com/2019/09/19/150-Evaluate-Reverse-Polish-Notation/</id>
    <published>2019-09-19T02:00:37.000Z</published>
    <updated>2019-09-19T02:05:12.251Z</updated>
    
    <summary type="html">
    
      
      
        
        
          &lt;h2 id=&quot;Description&quot;&gt;&lt;a href=&quot;#Description&quot; class=&quot;headerlink&quot; title=&quot;Description:&quot;&gt;&lt;/a&gt;Description:&lt;/h2&gt;&lt;p&gt;Evaluate the value of an
        
      
    
    </summary>
    
      <category term="LeetCode" scheme="http://yoursite.com/categories/LeetCode/"/>
    
    
      <category term="Reverse Polish" scheme="http://yoursite.com/tags/Reverse-Polish/"/>
    
  </entry>
  
  <entry>
    <title>147. Insertion Sort List</title>
    <link href="http://yoursite.com/2019/09/19/147-Insertion-Sort-List/"/>
    <id>http://yoursite.com/2019/09/19/147-Insertion-Sort-List/</id>
    <published>2019-09-19T01:55:28.000Z</published>
    <updated>2019-09-19T01:59:32.106Z</updated>
    
    <summary type="html">
    
      
      
        
        
          &lt;h2 id=&quot;Description&quot;&gt;&lt;a href=&quot;#Description&quot; class=&quot;headerlink&quot; title=&quot;Description:&quot;&gt;&lt;/a&gt;Description:&lt;/h2&gt;&lt;p&gt;Sort a linked list using
        
      
    
    </summary>
    
      <category term="LeetCode" scheme="http://yoursite.com/categories/LeetCode/"/>
    
    
      <category term="Sort" scheme="http://yoursite.com/tags/Sort/"/>
    
  </entry>
  
  <entry>
    <title>143. Reorder List</title>
    <link href="http://yoursite.com/2019/09/17/143-Reorder-List/"/>
    <id>http://yoursite.com/2019/09/17/143-Reorder-List/</id>
    <published>2019-09-17T00:43:40.000Z</published>
    <updated>2019-09-17T00:46:31.578Z</updated>
    
    <summary type="html">
    
      
      
        
        
          &lt;h2 id=&quot;Description&quot;&gt;&lt;a href=&quot;#Description&quot; class=&quot;headerlink&quot; title=&quot;Description:&quot;&gt;&lt;/a&gt;Description:&lt;/h2&gt;&lt;p&gt;Given a singly linked list
        
      
    
    </summary>
    
      <category term="LeetCode" scheme="http://yoursite.com/categories/LeetCode/"/>
    
    
      <category term="Linkedlist" scheme="http://yoursite.com/tags/Linkedlist/"/>
    
  </entry>
  
  <entry>
    <title>145. Binary Tree Postorder Traversal</title>
    <link href="http://yoursite.com/2019/09/17/145-Binary-Tree-Postorder-Traversal/"/>
    <id>http://yoursite.com/2019/09/17/145-Binary-Tree-Postorder-Traversal/</id>
    <published>2019-09-17T00:39:46.000Z</published>
    <updated>2019-09-17T00:42:32.847Z</updated>
    
    <summary type="html">
    
      
      
        
        
          &lt;h2 id=&quot;Description&quot;&gt;&lt;a href=&quot;#Description&quot; class=&quot;headerlink&quot; title=&quot;Description:&quot;&gt;&lt;/a&gt;Description:&lt;/h2&gt;&lt;p&gt;Given a binary tree, return the
        
      
    
    </summary>
    
      <category term="LeetCode" scheme="http://yoursite.com/categories/LeetCode/"/>
    
    
      <category term="Tree" scheme="http://yoursite.com/tags/Tree/"/>
    
  </entry>
  
  <entry>
    <title>144. Binary Tree Preorder Traversal</title>
    <link href="http://yoursite.com/2019/09/17/144-Binary-Tree-Preorder-Traversal/"/>
    <id>http://yoursite.com/2019/09/17/144-Binary-Tree-Preorder-Traversal/</id>
    <published>2019-09-17T00:37:44.000Z</published>
    <updated>2019-09-17T00:39:25.971Z</updated>
    
    <summary type="html">
    
      
      
        
        
          &lt;h2 id=&quot;Description&quot;&gt;&lt;a href=&quot;#Description&quot; class=&quot;headerlink&quot; title=&quot;Description:&quot;&gt;&lt;/a&gt;Description:&lt;/h2&gt;&lt;p&gt;Given a binary tree, return the
        
      
    
    </summary>
    
      <category term="LeetCode" scheme="http://yoursite.com/categories/LeetCode/"/>
    
    
      <category term="Tree" scheme="http://yoursite.com/tags/Tree/"/>
    
  </entry>
  
  <entry>
    <title>140. Word Break II</title>
    <link href="http://yoursite.com/2019/09/16/140-Word-Break-II/"/>
    <id>http://yoursite.com/2019/09/16/140-Word-Break-II/</id>
    <published>2019-09-16T06:53:40.000Z</published>
    <updated>2019-09-17T00:36:34.119Z</updated>
    
    <summary type="html">
    
      
      
        
        
          &lt;h2 id=&quot;Description&quot;&gt;&lt;a href=&quot;#Description&quot; class=&quot;headerlink&quot; title=&quot;Description:&quot;&gt;&lt;/a&gt;Description:&lt;/h2&gt;&lt;p&gt;Given a
        
      
    
    </summary>
    
      <category term="LeetCode" scheme="http://yoursite.com/categories/LeetCode/"/>
    
    
      <category term="Memorized Search" scheme="http://yoursite.com/tags/Memorized-Search/"/>
    
  </entry>
  
  <entry>
    <title>139. Word Break</title>
    <link href="http://yoursite.com/2019/09/15/139-Word-Break/"/>
    <id>http://yoursite.com/2019/09/15/139-Word-Break/</id>
    <published>2019-09-15T12:05:56.000Z</published>
    <updated>2019-09-16T06:53:09.302Z</updated>
    
    <summary type="html">
    
      
      
        
        
          &lt;h2 id=&quot;Description&quot;&gt;&lt;a href=&quot;#Description&quot; class=&quot;headerlink&quot; title=&quot;Description:&quot;&gt;&lt;/a&gt;Description:&lt;/h2&gt;&lt;p&gt;Given a
        
      
    
    </summary>
    
      <category term="LeetCode" scheme="http://yoursite.com/categories/LeetCode/"/>
    
    
      <category term="DP" scheme="http://yoursite.com/tags/DP/"/>
    
  </entry>
  
  <entry>
    <title>138. Copy List with Random Pointer</title>
    <link href="http://yoursite.com/2019/09/15/138-Copy-List-with-Random-Pointer/"/>
    <id>http://yoursite.com/2019/09/15/138-Copy-List-with-Random-Pointer/</id>
    <published>2019-09-15T12:03:06.000Z</published>
    <updated>2019-09-15T12:05:00.225Z</updated>
    
    <summary type="html">
    
      
      
        
        
          &lt;h2 id=&quot;Description&quot;&gt;&lt;a href=&quot;#Description&quot; class=&quot;headerlink&quot; title=&quot;Description:&quot;&gt;&lt;/a&gt;Description:&lt;/h2&gt;&lt;p&gt;A linked list is given such
        
      
    
    </summary>
    
      <category term="LeetCode" scheme="http://yoursite.com/categories/LeetCode/"/>
    
    
      <category term="Simulation" scheme="http://yoursite.com/tags/Simulation/"/>
    
  </entry>
  
</feed>
